{
    "n_layers": 0.8277839287302289,
    "steps": 0.09041892433490813,
    "lr": 0.06173731493992741,
    "num_samples": 0.006469210229015175,
    "d_last": 0.006383128618694119,
    "batch_size": 0.004401782552906678,
    "num_timesteps": 0.0022619542217115225,
    "d_first": 0.0005437563726080794
}
