{
    "lr": 0.2917227094445486,
    "n_layers": 0.2376182652129045,
    "d_last": 0.20310587506122973,
    "steps": 0.18073074760140712,
    "num_samples": 0.036983171247389646,
    "d_first": 0.031925231332829394,
    "num_timesteps": 0.013453135970391187,
    "batch_size": 0.004460864129299883
}
