{
    "num_timesteps": 0.4418604651162791,
    "lr": 0.2558139534883721,
    "steps": 0.09302325581395349,
    "n_layers": 0.06976744186046512,
    "d_first": 0.06976744186046512,
    "d_last": 0.04651162790697676,
    "num_samples": 0.023255813953488372,
    "batch_size": 0.0
}
