{
    "n_layers": 0.3570777099556744,
    "steps": 0.3357384790443498,
    "d_last": 0.11042303642717789,
    "lr": 0.086548363715055,
    "num_timesteps": 0.0629129742521845,
    "num_samples": 0.03257489622732512,
    "d_first": 0.011490200382142261,
    "batch_size": 0.0032343399960911953
}
