{
    "lr": 0.0006260326907499736,
    "dropout": 0.27244159149844843,
    "weight_decay": 0.0,
    "d_layers": [
        1024,
        1024,
        1024,
        128
    ],
    "batch_size": 256,
    "input_shape": 76,
    "num_classes": 10
}
