{
    "lr": 0.00014895038211270643,
    "dropout": 0.0,
    "weight_decay": 1.5042447127888077e-05,
    "d_layers": [
        256,
        512,
        256
    ],
    "batch_size": 64,
    "input_shape": 76,
    "num_classes": 10
}
